0.000000000000000000e+00,1.071000000000000000e+03,8.613619572780563741e-03,1.018157995971338999e-02,8.221462825180253509e-01,5.722460658082975660e-03,8.221462825180253509e-01,3.243584065181748244e-01,3.034116643050713963e-02,5.820700926715650231e-02,3.994537820488278101e-02,5.425485063797785834e-01,1.537833424060968887e-02,6.407440295368509175e-02
0.000000000000000000e+00,1.083000000000000000e+03,1.197958020646942845e-02,1.442988173792056870e-02,8.086196616235360457e-01,6.776598147729839643e-03,8.086196616235360457e-01,3.876316125502306531e-01,3.453391254855792125e-02,1.016066617967853192e-01,4.704110672945620991e-02,2.780378892957344195e-01,1.551442569406641207e-02,5.461824866414295016e-02
0.000000000000000000e+00,1.084000000000000000e+03,1.080381645943647405e-02,1.303195803282511563e-02,8.066761605116731237e-01,9.186055266922671728e-03,8.066761605116731237e-01,2.560434217201636997e-01,1.407155144474953393e-02,6.574073491701466765e-02,4.325076253557436079e-02,2.963001616798802140e-01,1.918889493739793159e-02,5.762749710499395078e-02
0.000000000000000000e+00,1.085000000000000000e+03,1.525499659270861466e-02,1.840771942739475794e-02,8.085509738971411453e-01,1.069196596641819146e-02,8.085509738971411453e-01,3.337119841843680934e-01,2.457881555391326980e-02,1.479164477870266725e-01,6.497185956583330368e-02,3.043538189421326479e-01,2.789874795862819917e-02,9.563386352188520123e-02
0.000000000000000000e+00,1.086000000000000000e+03,9.848171059277530115e-03,1.233952493349069549e-02,7.740603248162654104e-01,1.001430615164520740e-02,7.740603248162654104e-01,2.827988973313115828e-01,1.642526152639889325e-02,7.041830873694811255e-02,5.292443559605395503e-02,4.482095668008043710e-01,1.592270005443658168e-02,7.356171425900827343e-02
0.000000000000000000e+00,1.087000000000000000e+03,7.279940955608426092e-03,8.829830151858078513e-03,7.985537634243766725e-01,3.840072283713576000e-03,7.985537634243766725e-01,3.992013242597075018e-01,1.479623809753170122e-02,5.380876069014398078e-02,3.379404520336409118e-02,1.825454887186016562e-01,9.934676102340772932e-03,3.875673121361769558e-02
0.000000000000000000e+00,1.088000000000000000e+03,6.995898633008461147e-03,7.908971459503444726e-03,8.584927019406775051e-01,4.216549958587455932e-03,8.584927019406775051e-01,2.801579126786036822e-01,8.055783660517188208e-03,5.083566847503311753e-02,1.919420090100437681e-02,7.661190799987374622e-02,8.573761567773544381e-03,3.202941222289729106e-02
0.000000000000000000e+00,1.089000000000000000e+03,9.808782971334925951e-03,1.151064911078274189e-02,8.297080958785437721e-01,2.032979444318951719e-03,8.297080958785437721e-01,3.078520435867372340e-01,1.254783974910536181e-03,6.677176949166896414e-02,1.350230355935015322e-02,1.638937271332386869e-01,1.388132825258573712e-02,2.666261625461513463e-02
0.000000000000000000e+00,1.092000000000000000e+03,2.220589624131166437e-02,2.696402936541291220e-02,8.047361880616971108e-01,3.983133800165650218e-02,8.047361880616971108e-01,2.784397629369425031e-01,4.596030151790580359e-02,1.136174537130108936e-01,7.630460584249014466e-02,2.736556973751024802e-01,3.143712574850299202e-02,7.973599621961541262e-02
0.000000000000000000e+00,1.093000000000000000e+03,8.554562652170506765e-03,1.243681240684012083e-02,6.592656594368915268e-01,6.851893682704615456e-03,6.592656594368915268e-01,2.214930147849871189e-01,1.133680092330260208e-02,8.072206128722456131e-02,2.110851615043965457e-02,7.834682297084248626e-02,1.007076755579749613e-02,2.209551702471270612e-02
0.000000000000000000e+00,1.094000000000000000e+03,2.767288182871228269e-02,3.076753379245969824e-02,8.862300906346860518e-01,2.831112115051577505e-02,8.862300906346860518e-01,5.994035625186556748e-01,2.316367415873481911e-02,1.237974324583272084e-01,7.215692280204703823e-02,2.500062058604846649e-01,3.347849755035383484e-02,9.356192197244680986e-02
0.000000000000000000e+00,1.095000000000000000e+03,1.181014369138719614e-02,1.602552432596529922e-02,7.112712227852897584e-01,1.287553648068669523e-02,7.112712227852897584e-01,2.899797307696762028e-01,6.995258177030354643e-03,1.164907501110777482e-01,4.503745676838061957e-02,1.273139125545123540e-01,3.742514970059879903e-02,6.915040010801098980e-02
0.000000000000000000e+00,1.096000000000000000e+03,3.845037471886866322e-03,6.291312390192036093e-03,5.810027420731368464e-01,3.313003538890144008e-03,5.810027420731368464e-01,2.398509513410584659e-01,6.186607562823762813e-02,4.119416561030191104e-02,3.250507293541100157e-02,1.638501764215783418e-01,5.307566684812193604e-03,3.125048682837158059e-02
0.000000000000000000e+00,1.097000000000000000e+03,2.587494494475465340e-02,3.456604842321765736e-02,7.253069608239141042e-01,5.270687448234319915e-03,7.253069608239141042e-01,2.357233764207144755e-01,1.591415062315892567e-03,1.629759107609429769e-01,1.301734369615988388e-02,1.355974796552150141e-01,3.538377789874795881e-03,1.397911441375478472e-02
0.000000000000000000e+00,1.098000000000000000e+03,3.015820280646641562e-03,4.493207752074188446e-03,6.404563218352055110e-01,6.249529402906407217e-03,6.404563218352055110e-01,3.673089407826169994e-01,8.227839018080256072e-04,3.130533426907183142e-02,2.147861709866380822e-02,1.371568112803439876e-01,4.763200870985302531e-03,2.260701136711792264e-02
0.000000000000000000e+00,1.099000000000000000e+03,9.532055797076444126e-03,1.243497984871935053e-02,7.412494378152230112e-01,9.713124011746104153e-03,7.412494378152230112e-01,1.864184638056715082e-01,1.253697317668922865e-03,1.039286459597783957e-01,2.863815613155174314e-02,2.044445479501720286e-01,1.360914534567229245e-02,4.205158563246145370e-02
0.000000000000000000e+00,1.102000000000000000e+03,8.695123737347421750e-03,1.221893267188079585e-02,6.839761637609188538e-01,6.678713952262631259e-02,6.839761637609188538e-01,3.857967598102067797e-01,8.995911616363641214e-03,7.145365181169187341e-02,3.584874357109128773e-02,3.088216652120178152e-01,2.449646162221012433e-03,4.545289318855706695e-02
0.000000000000000000e+00,1.103000000000000000e+03,1.977835125020473150e-02,2.135926628463813426e-02,9.123881591210678543e-01,1.460733378510654379e-01,9.123881591210678543e-01,4.575631233649594676e-01,8.639602362068652536e-03,3.767969968277983667e-02,2.526896129254565734e-02,2.118945377847502032e-01,7.212847033206314963e-03,2.984842111822529759e-02
0.000000000000000000e+00,1.131000000000000000e+03,2.558731428843564245e-03,2.972178572599694455e-03,8.138991633227011802e-01,6.400120472855959711e-03,8.138991633227011802e-01,3.470784673373801810e-01,8.115247652798936997e-04,6.754978616197743896e-03,2.195081486019117515e-03,1.841185785030694799e-01,1.905280348394120925e-03,1.908367216587995158e-03
0.000000000000000000e+00,1.132000000000000000e+03,2.749603064114250570e-03,3.129940382810760847e-03,8.317145255140059312e-01,7.529553497477599507e-03,8.317145255140059312e-01,3.206351662084509502e-01,7.934183014872951429e-05,6.382473106450991737e-03,9.954439297063440509e-03,2.491721621949093413e-01,7.212847033206314963e-03,6.722126154756897544e-03
0.000000000000000000e+00,1.133000000000000000e+03,1.988436236102389485e-03,3.372937534811312754e-03,5.632535287018739512e-01,2.785934794066712017e-03,5.632535287018739512e-01,3.735922733857025557e-01,2.040408847145249848e-03,1.222998612835466022e-02,1.549319141876284202e-02,3.311777827778614736e-01,1.497005988023952187e-03,6.047057479501279607e-03
0.000000000000000000e+00,1.161000000000000000e+03,7.906964393749448677e-03,9.904975188604248429e-03,7.726824455341239073e-01,1.480310217604096090e-01,7.726824455341239073e-01,3.250448092124927357e-01,8.630433436198976099e-03,5.677604457833290014e-02,1.163903671656648375e-01,3.125463012188544054e-01,4.327708219923788457e-02,7.117041329781433057e-02
0.000000000000000000e+00,1.164000000000000000e+03,7.755242657665742910e-03,9.417294772550316787e-03,7.982086248949552543e-01,2.944055417513741571e-02,7.982086248949552543e-01,3.241288101921818154e-01,4.188657054242857745e-03,5.213610285695734203e-02,5.682963870490192332e-02,4.199374114994514073e-01,1.456178551986935139e-02,7.168190764021954708e-02
0.000000000000000000e+00,1.165000000000000000e+03,1.286986646421255966e-02,1.765067024004942156e-02,7.033029182051577788e-01,4.276033431217528546e-01,7.033029182051577788e-01,3.815473223457578333e-01,5.098281666678397897e-03,7.204126646315467397e-02,1.227203695904641595e-01,3.372439765473848050e-01,3.143712574850299202e-02,1.470325538886552152e-01
0.000000000000000000e+00,1.166000000000000000e+03,3.329877499706713692e-03,4.377400846563030655e-03,7.269947547592406911e-01,5.037271289812514374e-02,7.269947547592406911e-01,2.384558946635342291e-01,2.197818119916860550e-03,1.744518160160093978e-02,3.097362073586278075e-02,1.685713171434024271e-01,6.940664126292868559e-03,2.712737507334880838e-02
0.000000000000000000e+00,1.167000000000000000e+03,1.773185732190510951e-03,2.529592690700800152e-03,6.655953237582115101e-01,4.344552368044574814e-02,6.655953237582115101e-01,0.000000000000000000e+00,1.679208784789055359e-02,1.410181362742829805e-02,1.693530890667075198e-02,1.174284490173673756e-01,7.757212847033206037e-03,1.567457535583908351e-02
0.000000000000000000e+00,1.168000000000000000e+03,3.063074011622828833e-03,3.820673249554452748e-03,7.643741293596421071e-01,8.064151795798508993e-02,7.643741293596421071e-01,3.315907040419918683e-01,1.815565770965417479e-03,2.047415998129879788e-02,1.906657988437535783e-02,1.898421321580973653e-01,3.674469243331518649e-03,2.076874743603724163e-02
0.000000000000000000e+00,1.169000000000000000e+03,2.204459656783710076e-03,3.314075727370145545e-03,6.341003222640808623e-01,2.416986672690309493e-02,6.341003222640808623e-01,3.588317033789565347e-01,3.003673551923797462e-04,2.102526502557012719e-02,3.905203108847964816e-02,3.164167684239120315e-01,4.627109417528579328e-03,2.248238330399381091e-02
0.000000000000000000e+00,1.181000000000000000e+03,2.529349466348554572e-03,3.286675928959888367e-03,7.315397588079204372e-01,5.857992621037572817e-02,7.315397588079204372e-01,3.320051564605832617e-01,3.918357297172847878e-03,2.254323625920631388e-02,1.153693990326326926e-02,2.560941426705520274e-01,1.279259662493195497e-02,1.868901663265359198e-02
0.000000000000000000e+00,1.191000000000000000e+03,3.995308213369256484e-02,4.089057702971133496e-02,9.706655471026333082e-01,5.722460658082975660e-03,9.706655471026333082e-01,6.097268123896948389e-01,6.405008081546989876e-03,1.206286381408775213e-02,8.933471164031293063e-05,3.068881164534172923e-01,4.627109417528579328e-03,1.890192290715728574e-03
0.000000000000000000e+00,1.201000000000000000e+03,3.056370273832295474e-03,6.182597923751038949e-03,4.642939914339147545e-01,2.605225510127249372e-02,4.642939914339147545e-01,3.399835137400308849e-01,8.445381469572603092e-03,1.796618992178217189e-02,2.325254922980716371e-02,2.752001515572841117e-01,4.082743603701687388e-03,3.622003084544562351e-02
0.000000000000000000e+00,1.211000000000000000e+03,7.627542213942531402e-03,1.148057478565239070e-02,6.347848933007863570e-01,4.758677810405843173e-02,6.347848933007863570e-01,3.152713346475439771e-01,4.933851575795992865e-03,9.017213959926795308e-02,5.796546575290018738e-02,3.100957514108310664e-01,2.721829069134458403e-03,6.502209551702471668e-02
0.000000000000000000e+00,1.220000000000000000e+03,7.846631716181195690e-03,2.569375011078913959e-02,2.530169590137717472e-01,8.305097507717792982e-02,2.530169590137717472e-01,3.176580948571178786e-01,2.491469260307466529e-02,5.219236119088285081e-02,6.672026749365085607e-02,1.588995837068864492e-01,2.531301034295046354e-02,4.873216909951031545e-02
0.000000000000000000e+00,1.221000000000000000e+03,3.382983320534024667e-03,3.903931810167413433e-03,8.266719996948572735e-01,5.812815300052706635e-02,8.266719996948572735e-01,2.937262698352586243e-01,8.308724919031819367e-03,2.383388739326716688e-02,2.059803208392358212e-02,9.070035838323124711e-02,6.804572672836146224e-03,2.257325793335514252e-02
0.000000000000000000e+00,1.230000000000000000e+03,1.416425183804902871e-02,2.028699149055829612e-02,6.708591573085639359e-01,1.942624802349220831e-02,6.708591573085639359e-01,3.327326500493637540e-01,2.184600318863319166e-02,1.022175767421397846e-01,9.050882499329990227e-02,1.696101645337880492e-01,6.600435492651061942e-02,1.025221604274742515e-01
0.000000000000000000e+00,1.240000000000000000e+03,1.094450365454467493e-02,1.453218476699307503e-02,7.279056466751628873e-01,2.462163993675174981e-02,7.279056466751628873e-01,3.521810049457483327e-01,1.702215452498661782e-02,4.912044696771470514e-02,8.701200913766479750e-02,3.245611363488982160e-01,4.164398475775721309e-02,7.845855857259324828e-02
0.000000000000000000e+00,1.300000000000000000e+03,4.474371162945581064e-03,8.141858270821615215e-03,5.174808346667812975e-01,1.776974625404713348e-02,5.174808346667812975e-01,3.474270011956019366e-01,5.573301160852936996e-03,2.931914298582503908e-02,2.791071633676633912e-02,2.451080544782754389e-01,2.449646162221012433e-03,3.839842553213586307e-02
0.000000000000000000e+00,2.032000000000000000e+03,4.308480690265650143e-03,5.660011883733852972e-03,7.302246650832499020e-01,6.595888863790377865e-02,7.302246650832499020e-01,3.240092532599657682e-01,6.517892555440277062e-03,1.954313901990994973e-02,3.472567862475592348e-02,3.285176765290029333e-01,1.224823081110506216e-02,4.062095932451589841e-02
0.000000000000000000e+00,2.033000000000000000e+03,4.149724333800052303e-03,5.149426093981721193e-03,7.732053827234115495e-01,4.216549958587455932e-03,7.732053827234115495e-01,3.262259627160215003e-01,3.076672604476724665e-03,2.929120144420481464e-02,1.444669908240489055e-02,1.282534134472597676e-01,1.088731627653783361e-02,1.726098674268978367e-02
0.000000000000000000e+00,2.053000000000000000e+03,1.688658923100732137e-02,2.281033787386587200e-02,7.157121110657166385e-01,1.152021685114072713e-02,7.157121110657166385e-01,3.183545993823356790e-01,1.714204433427794771e-02,4.678574219812117740e-02,5.454522250724249538e-02,3.342537194440428627e-01,2.231899836690256003e-02,4.738722458496258394e-02
0.000000000000000000e+00,2.054000000000000000e+03,2.716119021204496838e-03,7.098638185932792596e-03,3.498148246592745481e-01,5.135155485279722931e-02,3.498148246592745481e-01,3.340961391191197283e-01,1.907940948900337325e-03,1.102626244484077554e-02,3.694628431410084540e-02,4.324092392849365751e-01,2.340772999455634218e-02,3.145820026691176913e-02
0.000000000000000000e+00,2.055000000000000000e+03,1.974347933547239940e-03,3.139293915555027223e-03,6.003624392168526169e-01,6.648595738272720934e-02,6.003624392168526169e-01,3.346299494509481498e-01,3.894930950185423839e-03,1.390692993849608483e-02,2.465638041272636902e-02,1.485208844527316774e-01,2.123026673924877442e-02,2.114522804339133769e-02
0.000000000000000000e+00,2.056000000000000000e+03,1.353884393144425945e-03,2.034754813345760263e-03,6.331674960130992957e-01,5.496574053158647354e-03,6.331674960130992957e-01,3.179256384688575743e-01,4.226745224979496836e-08,1.175687859843344008e-02,1.484232423395484730e-02,8.293937871368546599e-02,1.156777354382144789e-02,1.916416112331427446e-02
0.000000000000000000e+00,2.057000000000000000e+03,1.202042993943164056e-03,5.227566164635642255e-03,2.060826856186623868e-01,9.788419546720879532e-04,2.060826856186623868e-01,3.387120900593689199e-01,8.981458739336782874e-04,1.403437723726653347e-02,5.130364868486542336e-03,1.047208537857468869e-01,2.449646162221012433e-03,9.082270100169806404e-03
0.000000000000000000e+00,2.063000000000000000e+03,5.718484961224709444e-03,7.501179934599901122e-03,7.337674606043922410e-01,3.712069874256456598e-02,7.337674606043922410e-01,3.421164681238713645e-01,1.674681438542626605e-02,4.302950127480088122e-02,5.722526385645188007e-02,3.794510332305562339e-01,4.178007621121393456e-02,6.254770918041470396e-02
0.000000000000000000e+00,2.064000000000000000e+03,4.283305689752306324e-04,7.844360998727962402e-04,5.531475311484941315e-01,2.108274979293727966e-03,5.531475311484941315e-01,3.240187762392212623e-01,6.514221012062178023e-04,5.602917343478115535e-03,5.411131105070383397e-03,1.161597907798801177e-01,7.621121393576483702e-03,6.428730922818879159e-03
0.000000000000000000e+00,2.065000000000000000e+03,2.882904220255711933e-04,6.765220710878849667e-04,4.847727522298249103e-01,4.291845493562231745e-03,4.847727522298249103e-01,3.227076116939774919e-01,4.265887363879108159e-04,7.906642273354116219e-04,3.790344193881848255e-03,1.516217958921870779e-01,9.662493195427326528e-03,3.076755308376563896e-03
0.000000000000000000e+00,2.072000000000000000e+03,1.214262447727634808e-02,1.967136596339775709e-02,5.852225972067733872e-01,1.394473307732851386e-01,5.852225972067733872e-01,3.504473477483514565e-01,3.435574638130286379e-02,1.064853463190428146e-01,1.476192299347856562e-01,5.221184115574954987e-01,1.100979858464888467e-01,1.285045151708702760e-01
0.000000000000000000e+00,2.073000000000000000e+03,2.366913570172019844e-03,3.191198346504381302e-03,7.051594250056945068e-01,9.487237406821776020e-02,7.051594250056945068e-01,3.336789798552941555e-01,7.562010874299104554e-03,1.384686616529117245e-02,3.828630498870554122e-02,2.420054657056895930e-01,2.204681545998911363e-02,2.268230748858874463e-02
0.000000000000000000e+00,2.074000000000000000e+03,1.930242025696796452e-03,3.478849787592790468e-03,5.303875328449743076e-01,6.505534221820645502e-02,5.303875328449743076e-01,3.908425193863473424e-01,1.011864606977152907e-03,1.525724742995089589e-02,3.410033564327373534e-02,1.857652981432966199e-01,3.851388132825258465e-02,2.833470943486366203e-02
0.000000000000000000e+00,2.082000000000000000e+03,4.659482097465032953e-03,9.284118307871000453e-03,4.677201500786816180e-01,4.833973345380618986e-02,4.677201500786816180e-01,3.357055446877903471e-01,1.029800773579589608e-02,2.346533586936977445e-02,7.650879946909656948e-02,2.642531832213426135e-01,3.334240609689711338e-02,6.370830801825801137e-02
0.000000000000000000e+00,2.083000000000000000e+03,6.059226359240502818e-03,7.377897699619455699e-03,7.933129513779205721e-01,1.234846773586326281e-02,7.933129513779205721e-01,4.147133539001551239e-01,1.102879228676514368e-02,1.910908738520631853e-02,5.256709674949270467e-02,4.424409926961896944e-01,5.076211213935764854e-02,4.703151532146251229e-02
0.000000000000000000e+00,2.084000000000000000e+03,4.451088841541836830e-03,7.308512070637196260e-03,5.784000456226413567e-01,4.638204954446201178e-02,5.784000456226413567e-01,2.528117163799817324e-01,2.608476493254434456e-03,2.213780866353644988e-02,7.533468611610960597e-02,4.695985391689420640e-01,8.451279259662493326e-02,4.942021986467469430e-02
0.000000000000000000e+00,2.085000000000000000e+03,5.539174098117655935e-04,2.052305888590624620e-03,2.928736722390932190e-01,9.411941871846999166e-03,2.928736722390932190e-01,3.654745251597178446e-01,2.484775901263158119e-03,3.773303604718672693e-03,1.975573337417205894e-02,1.161036186340775600e-01,2.871529667936853492e-02,1.255108452379097815e-02
0.000000000000000000e+00,2.086000000000000000e+03,3.192603499077534637e-04,5.200625869084122329e-04,6.008891161838181283e-01,6.776598147729839426e-04,6.008891161838181283e-01,3.665342293542597600e-03,1.203169382603170310e-03,3.565782548617087069e-03,1.587605446864989722e-02,2.519152072762942951e-01,1.347305389221556925e-02,6.709144064848135761e-03
0.000000000000000000e+00,2.087000000000000000e+03,4.728822649834832793e-04,7.511518671669767128e-04,6.071528529900025450e-01,0.000000000000000000e+00,6.071528529900025450e-01,3.251996759822886607e-01,3.462320916650439106e-04,4.615199907719538808e-03,1.126893576834232975e-02,3.243201966355005461e-01,1.714752313554708876e-02,7.662029464151257248e-03
0.000000000000000000e+00,2.089000000000000000e+03,7.433109331659690407e-04,1.220528511126605037e-03,5.891275534118503021e-01,4.894209773360439983e-03,5.891275534118503021e-01,3.309417977686652246e-01,2.552524564916743509e-04,1.994274000484816400e-02,7.746595709381421009e-03,8.886885572482224049e-02,9.934676102340772932e-03,5.039647302581358804e-03
0.000000000000000000e+00,2.093000000000000000e+03,3.025533738490070266e-03,5.225772443419882465e-03,5.499067824470662558e-01,2.010390783826519062e-02,5.499067824470662558e-01,3.560155170911037947e-01,7.369658916137474328e-03,1.930190586895728228e-02,3.665275597585410106e-02,1.558387003421888017e-01,3.034839412084920987e-02,4.321997372425002287e-02
0.000000000000000000e+00,2.094000000000000000e+03,4.984511805790644776e-03,8.387860339218516578e-03,5.629376946361396294e-01,1.566147127475340725e-02,5.629376946361396294e-01,3.660309177303018302e-01,1.938748524227185436e-03,2.419833581001517783e-02,4.021338233980371879e-02,1.268342167356815153e-01,3.347849755035383484e-02,4.722365025211218426e-02
0.000000000000000000e+00,2.095000000000000000e+03,1.726739053933005552e-03,2.632023225491326827e-03,6.253879422606056782e-01,8.508395452149687677e-03,6.253879422606056782e-01,3.581707168173476341e-01,6.577089233251759860e-04,1.132536398208904005e-02,1.642482484015467606e-02,8.478220391561198943e-02,3.293413173652694897e-02,2.338853317962539050e-02
0.000000000000000000e+00,2.106000000000000000e+03,1.349974108765519744e-04,4.432187064666317741e-04,4.508977332119105674e-01,1.197199006098938374e-02,4.508977332119105674e-01,3.942636767862630065e-01,0.000000000000000000e+00,1.821105896819535247e-03,7.721071506055617040e-03,1.615333588261116671e-01,1.007076755579749613e-02,3.326011434624791697e-03
0.000000000000000000e+00,2.107000000000000000e+03,3.997115765808597395e-04,5.589713529962231928e-04,6.561246808520442286e-01,1.039078382651908820e-02,6.561246808520442286e-01,3.184143822092265208e-01,1.065039601652242721e-04,2.127817930896956037e-03,6.866010694641193172e-03,6.832501430931797737e-02,1.047904191616766401e-02,2.806727838274316895e-03
0.000000000000000000e+00,2.108000000000000000e+03,3.167068517670110759e-04,7.495312268866469521e-04,4.763704995505470552e-01,3.553949250809426696e-02,4.763704995505470552e-01,3.407658250505508080e-01,3.745861242629686973e-05,4.775443557368411716e-03,8.627180724121647978e-03,1.330299292898319552e-01,1.088731627653783361e-02,6.797422276227716061e-03
0.000000000000000000e+00,2.109000000000000000e+03,1.564682163421539287e-04,6.453673102478858564e-04,3.789014239376111148e-01,8.809577592048790928e-03,3.789014239376111148e-01,2.942270694236625572e-01,0.000000000000000000e+00,6.387047982908039545e-03,8.997281672345801631e-03,1.956391961897674669e-01,8.029395753946651573e-03,6.896086159534306828e-03
0.000000000000000000e+00,2.113000000000000000e+03,4.432025403048315236e-03,6.311841455360754638e-03,6.721118002865585916e-01,8.786988931556358184e-02,6.721118002865585916e-01,3.344445103636635164e-01,8.611690124087675868e-03,2.379827534527261326e-02,5.589800528351009101e-02,3.008131268302450256e-01,2.463255307566684926e-02,5.110269871685023391e-02
0.000000000000000000e+00,2.114000000000000000e+03,2.868275695649371432e-03,3.397962990636895029e-03,8.019619883968291951e-01,1.085761614336269859e-01,8.019619883968291951e-01,2.702658797662882417e-01,4.319567157980656186e-04,1.498469630806402962e-02,1.103921793841009663e-02,1.144389928691887381e-01,1.728361458900381023e-02,1.365456216603573754e-02
0.000000000000000000e+00,2.115000000000000000e+03,2.390366349415675318e-03,3.990912090217964281e-03,5.710286976289130623e-01,8.666516075596716884e-02,5.710286976289130623e-01,3.366342414013371309e-01,1.494917181117344116e-03,1.342074840367636634e-02,2.498819505596181628e-02,1.569399525468058165e-01,2.980402830702232053e-02,2.588628727807117461e-02
0.000000000000000000e+00,2.116000000000000000e+03,1.234230416601505903e-03,2.606240182485445710e-03,4.610793207634167890e-01,4.306904600557186907e-02,4.610793207634167890e-01,3.794931395551321973e-01,2.706848933203194496e-04,1.168133164952310336e-02,1.907934198603826112e-02,1.587951787871396958e-01,2.531301034295046354e-02,1.915377545138726573e-02
0.000000000000000000e+00,2.117000000000000000e+03,0.000000000000000000e+00,3.866677182966011921e-03,0.000000000000000000e+00,3.237708003915367762e-03,0.000000000000000000e+00,3.106859704759061813e-01,3.891404386341758607e-04,0.000000000000000000e+00,5.206937478463953377e-03,1.505095635444148594e-01,5.035383777898748067e-03,2.754799478639269328e-03
0.000000000000000000e+00,2.118000000000000000e+03,2.160727564383979095e-03,2.755580708183162815e-03,7.418242833633412747e-01,2.108274979293727966e-03,7.418242833633412747e-01,3.243595407406590914e-01,6.091495305434345486e-09,1.657816141317815239e-02,2.129994767538318304e-02,1.225947742128125767e-01,4.763200870985302531e-03,3.560208336578855881e-02
0.000000000000000000e+00,2.119000000000000000e+03,1.291334766205613164e-03,2.882800476909056549e-03,4.349564356735865500e-01,3.983133800165650218e-02,4.349564356735865500e-01,3.584728697469599656e-01,2.215942397603078867e-04,1.565929258781130137e-02,1.753512768482713702e-02,2.630602478232804131e-01,2.204681545998911363e-02,2.171643999937685962e-02
0.000000000000000000e+00,2.124000000000000000e+03,2.442645576677897521e-05,0.000000000000000000e+00,6.696517025861351557e-01,2.575107296137339047e-02,6.696517025861351557e-01,2.735360841808302523e-01,0.000000000000000000e+00,4.720641324898220228e-04,2.297178299322332308e-04,0.000000000000000000e+00,1.088731627653783448e-03,0.000000000000000000e+00
0.000000000000000000e+00,2.125000000000000000e+03,4.314201974761498661e-04,9.425638741322939955e-04,4.871642802754587165e-01,4.419847903019350627e-02,4.871642802754587165e-01,2.836628475828051887e-01,8.208249897953467586e-04,4.882561272219572944e-03,1.480403792896614265e-02,1.816630610615676544e-01,1.047904191616766401e-02,1.290160095132754890e-02
0.000000000000000000e+00,2.126000000000000000e+03,5.288111262174501363e-04,1.527208427893617408e-03,3.760782791617203191e-01,1.490851592500564739e-02,3.760782791617203191e-01,3.578979648219164922e-01,6.378443008891444518e-05,1.131682356099271772e-02,9.622624653827993244e-03,1.101533071813756981e-01,1.102340772999455681e-02,9.399033093943595304e-03
0.000000000000000000e+00,2.127000000000000000e+03,4.433685036144816342e-04,9.112755664578858252e-04,5.084863196013544862e-01,4.020781567653038124e-02,5.084863196013544862e-01,2.892977256707758849e-01,1.937615457446258656e-05,3.177273116561696049e-03,1.176665773319550239e-02,1.539886540010014515e-01,7.757212847033206037e-03,8.215066494264513033e-03
0.000000000000000000e+00,2.128000000000000000e+03,1.680564734360023751e-04,2.234177674210384087e-03,1.168122443696138768e-01,4.156313530607635282e-02,1.168122443696138768e-01,2.721893637701301993e-01,5.160475120153182197e-05,2.918150529112529395e-03,5.832280459946144122e-03,6.964105538452765309e-02,1.633097441480674955e-03,3.754420401613933582e-03
0.000000000000000000e+00,2.132000000000000000e+03,1.128844752406749780e-02,2.075509998749313148e-02,5.074381344594734999e-01,4.954446201340260286e-02,5.074381344594734999e-01,2.934281821087130204e-01,5.845129049183320213e-02,4.397558209997880913e-02,1.219163571857013462e-01,4.212191592847648880e-01,8.995645073489384747e-02,9.668021996853141953e-02
0.000000000000000000e+00,2.133000000000000000e+03,3.123485841326659011e-03,4.043236225605179902e-03,7.373739982912392854e-01,1.858293803177471504e-01,7.373739982912392854e-01,3.269783525741800645e-01,1.193810609995219103e-02,2.523013311253666235e-02,4.558622713988539493e-02,3.052070785587991941e-01,3.946652150244964879e-02,4.406640598630130051e-02
0.000000000000000000e+00,2.134000000000000000e+03,5.995659832151358642e-03,1.198561973471799942e-02,4.641006966210622364e-01,3.260296664407800332e-02,4.641006966210622364e-01,2.677662958134061633e-01,8.158395634263100951e-03,3.408484528812909947e-02,6.817514708322167105e-02,2.705014689690119489e-01,5.430048992923244139e-02,7.446786413463984955e-02
0.000000000000000000e+00,2.143000000000000000e+03,1.058332260876300099e-02,1.367938951749697422e-02,7.491499212544869835e-01,4.721030042918455266e-02,7.491499212544869835e-01,3.203476459361221940e-01,2.726277658549841956e-02,7.221781816473181459e-02,9.733654938295238646e-02,4.191202987639321420e-01,7.825258573761567638e-02,8.297372944286063312e-02
0.000000000000000000e+00,2.144000000000000000e+03,3.574284965088114080e-03,4.770664072758835396e-03,7.167630641477353848e-01,8.508395452149687677e-03,7.167630641477353848e-01,1.464481516836166619e-01,8.133182601102312975e-03,1.645300404365197811e-02,3.718876424569598355e-02,2.146433573257232330e-01,2.000544365813826733e-02,3.044300083604659091e-02
0.000000000000000000e+00,2.145000000000000000e+03,8.835449709069124807e-04,1.464992571199864781e-03,5.827503704732349687e-01,1.054137489646863983e-03,5.827503704732349687e-01,3.229987323811138733e-01,2.572103217921407545e-03,9.694113745588709558e-03,1.120512526002782200e-02,1.696045309457719641e-01,1.088731627653783361e-02,1.109189761804614364e-02
0.000000000000000000e+00,2.146000000000000000e+03,4.490093913521692008e-04,6.486144283985954004e-04,6.451821720327092224e-01,2.228747835253369614e-02,6.451821720327092224e-01,3.603154030566362853e-01,3.743289710426200086e-05,8.843374308004624609e-03,4.951695445205916285e-03,1.137589534871692315e-01,2.721829069134458403e-03,6.054846733446537024e-03
0.000000000000000000e+00,2.147000000000000000e+03,6.419617433487812127e-04,8.448318313178085261e-04,6.929335777870962998e-01,3.011821398991039564e-04,6.929335777870962998e-01,2.235037358913838923e-01,7.652606855550895051e-04,4.918491020408148791e-03,6.853248592978291621e-03,1.579240333969257615e-01,2.857920522591181171e-03,6.851947053844516244e-03
0.000000000000000000e+00,2.153000000000000000e+03,5.165898637098318043e-03,6.891782513146507867e-03,7.202272789671382291e-01,1.505910699495519901e-02,7.202272789671382291e-01,3.053104328333438033e-01,1.525276760049276356e-02,4.310136210929498002e-02,4.951695445205916285e-02,3.302517792492046800e-01,2.476864452912357073e-02,5.874914967311097719e-02
0.000000000000000000e+00,2.154000000000000000e+03,4.538081660821503545e-04,7.984506951069418688e-04,5.671395663907898843e-01,1.536028913485430400e-02,5.671395663907898843e-01,8.063728543936575788e-01,0.000000000000000000e+00,6.451573613569685887e-03,7.465829472797579948e-03,1.458125643003331529e-01,1.320087098530212284e-02,9.282194284764738387e-03
0.000000000000000000e+00,2.155000000000000000e+03,7.388101371456625658e-04,1.125680816909464116e-03,6.246749950394770989e-01,3.087116933965815702e-03,6.246749950394770989e-01,3.555085800110333039e-01,2.412918585654604030e-04,9.877517820893947156e-03,8.601656520795844876e-03,1.908708971861283188e-01,5.443658138268916806e-03,9.027745322553005353e-03
0.000000000000000000e+00,2.156000000000000000e+03,4.704699039003922500e-04,1.216960302925557905e-03,4.216990528493534396e-01,4.517732098486559617e-04,4.216990528493534396e-01,3.303292490113968749e-01,8.945413402475462016e-05,5.746773897680759746e-03,9.763007772119912039e-03,1.744945470872429072e-01,9.798584648884049730e-03,6.654619287231335577e-03
0.000000000000000000e+00,2.157000000000000000e+03,1.092216424664049172e-03,1.646786079645242568e-03,6.308192059097047499e-01,7.981326707326255251e-03,6.308192059097047499e-01,3.066733453845499890e-01,1.446554328258415310e-03,1.064365317064939684e-02,9.405668925558661672e-03,2.023468898887215428e-01,4.899292324442024865e-03,1.449320517414175342e-02
0.000000000000000000e+00,2.158000000000000000e+03,6.091076720324922712e-04,8.003260573064121869e-04,6.921782195730802334e-01,4.141254423612680119e-03,6.921782195730802334e-01,2.451161942477451394e-01,7.844250130835366940e-04,6.446041052179368909e-03,5.742945748305830662e-03,1.433407754086659658e-01,3.810560696788241851e-03,9.430190109724623237e-03
0.000000000000000000e+00,2.161000000000000000e+03,4.009278945209475593e-03,5.203718478654118483e-03,7.385016400923517521e-01,4.141254423612680119e-03,7.385016400923517521e-01,4.070915681746627990e-01,3.662884330497281384e-03,9.342115530919729849e-03,6.738389678012175060e-03,3.477291066024934540e-01,5.579749591725640008e-03,8.196891568392246016e-03
0.000000000000000000e+00,2.162000000000000000e+03,3.835809277858726399e-03,5.020486557303248908e-03,7.317855482408960333e-01,1.280024094571191855e-03,7.317855482408960333e-01,5.517864678461489314e-01,3.212671944951319401e-04,3.935977309407383967e-02,2.251234733335885640e-02,5.403004664760302500e-01,6.804572672836146007e-04,3.313029344716029913e-03
0.000000000000000000e+00,2.163000000000000000e+03,2.399163302086208208e-03,3.125989136333127104e-03,7.288055789624244829e-01,6.023642797982079779e-03,7.288055789624244829e-01,1.000000000000000000e+00,8.221833413507349895e-04,2.129317337816699282e-02,5.564276325025205479e-03,6.338518409976512391e-01,4.627109417528579328e-03,1.010785520296199336e-02
0.000000000000000000e+00,2.172000000000000000e+03,1.082299882534223066e-02,1.227687842876957168e-02,8.609296233619390115e-01,4.864091559370529311e-02,8.609296233619390115e-01,1.722116577288123618e-01,8.454476085038047832e-04,7.411143776145617812e-02,7.427543167808874428e-03,1.060094256776391158e-01,6.804572672836146007e-04,6.963593027059867928e-03
0.000000000000000000e+00,2.173000000000000000e+03,2.843062687682307299e-03,3.338688776495585524e-03,8.084768805863785657e-01,3.764776748738799753e-03,8.084768805863785657e-01,2.230185133270493336e-01,1.870027907031925713e-03,1.039946349665489024e-02,7.733833607718519458e-03,1.406636654967891309e-01,2.721829069134458403e-03,1.070762775674679278e-02
0.000000000000000000e+00,2.175000000000000000e+03,2.213770087253696343e-03,2.837435682380046696e-03,7.388146784820714963e-01,6.626007077780288017e-03,7.388146784820714963e-01,2.272743439280957289e-01,6.033652749513777891e-03,1.163446471063738462e-02,1.318325101777760751e-02,3.636120082447354962e-01,4.763200870985302531e-03,1.208632570505730267e-02
0.000000000000000000e+00,2.176000000000000000e+03,2.253658752223425873e-03,3.832777799463898613e-03,5.608329153326705452e-01,6.701302612755063830e-03,5.608329153326705452e-01,3.283657740349248955e-01,2.005056224880262864e-04,1.018446165817787213e-02,3.624436872264124622e-03,3.896624262613855305e-01,1.088731627653783448e-03,7.926864098289999883e-03
0.000000000000000000e+00,2.201000000000000000e+03,6.600542066755179333e-04,1.017189700615821375e-03,6.192633884433207392e-01,3.102176040960771125e-02,6.192633884433207392e-01,2.897937842628194316e-01,1.589841675786449857e-05,9.286652170362121386e-03,3.615503401100093189e-02,1.917416293527184346e-01,1.115949918345128002e-02,7.114185270001505829e-03
0.000000000000000000e+00,2.211000000000000000e+03,4.919217984343434054e-03,9.909821045211564608e-03,4.615420559603792827e-01,3.832542730216097898e-02,4.615420559603792827e-01,3.370699887710157938e-01,6.397120681735040011e-03,3.009074893488298055e-02,8.262184616562655293e-02,2.080976254174218276e-01,1.728361458900381023e-02,7.137293390039102514e-02
0.000000000000000000e+00,2.212000000000000000e+03,2.822346954651913393e-03,5.765706312165789528e-03,4.603807993208501315e-01,7.153075822603720268e-02,4.603807993208501315e-01,3.331641394330353556e-01,3.058035671346140318e-03,2.212803965648835192e-02,4.187245555598095859e-02,1.357837514356797781e-01,1.442569406641262993e-02,4.024707513514355628e-02
0.000000000000000000e+00,2.231000000000000000e+03,5.635620378539099844e-04,6.148706283279637688e-04,7.743992881541605922e-01,2.529929975152473559e-02,7.743992881541605922e-01,2.496427083993552620e-01,0.000000000000000000e+00,3.512702685563323050e-03,3.828630498870554209e-03,2.736465084257996283e-01,1.088731627653783448e-03,2.440632902847231743e-03
0.000000000000000000e+00,2.232000000000000000e+03,5.759158192935808721e-04,1.421029513352697893e-03,4.272433072948362276e-01,4.442436563511783371e-03,4.272433072948362276e-01,3.342270693093585820e-01,8.909826776618452737e-04,6.571115767284368622e-03,8.958995367357096978e-03,3.731265990517575459e-01,5.988023952095808747e-03,7.830796632965160431e-03
0.000000000000000000e+00,2.241000000000000000e+03,3.584406801760716896e-03,3.893300797019084557e-03,8.782437535619888047e-01,1.332730969053535185e-02,8.782437535619888047e-01,3.182933643987782002e-01,3.089086525036937106e-02,1.521128291796050927e-02,2.323978712814426389e-02,2.683150573041535591e-01,7.076755579749591761e-03,2.068566206062116830e-02
0.000000000000000000e+00,2.242000000000000000e+03,4.225215351377124492e-03,5.115454666979635766e-03,7.928782492765477086e-01,1.084255703636774308e-02,7.928782492765477086e-01,3.192777681161578784e-01,5.263706121188240807e-03,1.875632767135262599e-02,2.526896129254565734e-02,2.171092779212620838e-01,7.621121393576483702e-03,2.532805741199441185e-02
0.000000000000000000e+00,2.243000000000000000e+03,1.097994219511869976e-03,1.230584999965596716e-03,8.030352473404442915e-01,1.355319629545967885e-03,8.030352473404442915e-01,3.633528321916903447e-01,0.000000000000000000e+00,9.129091075844550027e-03,0.000000000000000000e+00,6.706188384097176713e-02,8.165487207403374775e-04,9.684639071936356706e-04
0.000000000000000000e+00,2.251000000000000000e+03,1.379130075845647931e-02,1.403269739471180687e-02,9.681375907482194787e-01,2.785934794066712017e-03,9.681375907482194787e-01,3.197109417479966909e-01,5.754412746757118580e-04,1.233800788907981130e-02,7.886978827673340672e-03,2.871823912563862824e-01,8.165487207403374775e-04,1.053626416995113481e-02
0.000000000000000000e+00,2.261000000000000000e+03,2.240017925476964992e-03,3.590756549698403619e-03,5.951797656521339297e-01,9.788419546720879532e-04,5.951797656521339297e-01,1.772037923222165856e-01,1.669404815668375577e-02,2.789218708345988021e-02,4.211493548757609413e-04,8.642709866545410236e-02,0.000000000000000000e+00,6.932436011278839778e-04
0.000000000000000000e+00,2.271000000000000000e+03,1.583643063972603460e-02,1.790523780399647796e-02,8.671960350992217181e-01,1.784504178902190930e-02,8.671960350992217181e-01,3.778930445145404771e-01,2.286867899315541894e-02,1.518584974219675671e-02,4.810036116747706120e-02,4.530073810298040904e-01,3.946652150244964186e-03,1.232519615937852087e-02
0.000000000000000000e+00,2.272000000000000000e+03,1.096273317616693575e-02,1.345608761875551930e-02,7.919464466939292180e-01,3.666892553271591110e-02,7.919464466939292180e-01,2.978346281661529704e-01,3.668309845021242455e-03,3.715088425560334612e-02,4.736015927102875389e-02,3.310200512097807857e-01,2.504082743603701713e-02,5.908928042872053921e-02
0.000000000000000000e+00,2.273000000000000000e+03,3.528227767303097895e-03,4.446618434107213122e-03,7.589328142739704131e-01,3.011821398991039564e-04,7.589328142739704131e-01,4.443531574633627912e-01,9.315868273324842946e-04,1.975872791723703309e-02,6.521433949742843489e-03,3.992174816360786194e-01,7.893304300489928371e-03,4.421699822924293234e-03
0.000000000000000000e+00,2.281000000000000000e+03,1.702506141567417669e-02,2.383522008952877053e-02,6.881516130053323410e-01,8.899932234018523292e-02,6.881516130053323410e-01,3.124071107241089273e-01,8.907456046762688567e-03,1.274803925654976466e-01,2.094643745932080192e-01,2.649138651164552050e-01,3.919433859553619892e-02,1.930982017209058321e-01
0.000000000000000000e+00,2.282000000000000000e+03,2.212602952914922028e-03,3.563987536146634699e-03,5.923666456082612441e-01,1.204728559596415956e-02,5.923666456082612441e-01,3.359032130586671050e-01,1.703825495914765807e-03,1.318707195366564978e-02,3.490434804803654867e-02,1.854935179949842028e-01,3.946652150244964186e-03,2.515929024318050780e-02
0.000000000000000000e+00,2.283000000000000000e+03,8.412143478479414474e-03,1.313078709326747154e-02,6.100797388455455605e-01,3.034410059483472547e-02,6.100797388455455605e-01,3.352545174849685394e-01,5.447694839041222238e-03,7.131770998364767022e-02,8.336204806207486717e-02,1.822618060243393068e-01,1.946107784431137799e-02,7.861694006948014013e-02
0.000000000000000000e+00,2.284000000000000000e+03,1.897081303666288410e-03,2.951721761073462531e-03,6.132172413626612029e-01,3.425946841352307815e-02,6.132172413626612029e-01,3.301393630353455233e-01,2.113608733184533378e-03,2.212555765917566600e-02,2.898273287645009369e-02,9.313623255213608620e-02,1.905280348394120925e-03,2.101281072632196767e-02
0.000000000000000000e+00,2.321000000000000000e+03,6.488204627049028173e-03,9.563476762378836718e-03,6.491100373461953232e-01,6.934718771176869023e-02,6.491100373461953232e-01,1.322461757658425774e-01,9.127993382570672234e-03,5.273432848962687075e-02,9.798741656776037423e-02,3.468288849223117309e-01,2.109417528579205295e-02,7.263738945750443377e-02
0.000000000000000000e+00,2.322000000000000000e+03,6.146763128131690554e-03,7.597695429566384863e-03,7.812368783563948815e-01,2.966644078006174315e-02,7.812368783563948815e-01,5.081078612071325828e-01,8.684408589327530584e-03,2.310626478098379288e-02,6.247048763990453724e-02,2.585512576667405860e-01,1.905280348394120925e-03,4.579302394416662897e-02
0.000000000000000000e+00,2.331000000000000000e+03,6.186180087785030438e-03,8.277874085655563541e-03,7.191509779075470066e-01,4.073488442135381193e-02,7.191509779075470066e-01,3.631267952122664289e-01,1.580666829683955582e-02,5.549624216584927300e-02,4.941485763875595044e-02,2.978429719192892677e-01,1.115949918345128002e-02,5.746651919012530502e-02
0.000000000000000000e+00,2.332000000000000000e+03,6.839922068503039194e-03,1.016480542945992840e-02,6.434903654596538791e-01,2.145922746781115872e-02,6.434903654596538791e-01,3.308031789703759773e-01,3.089817308559682923e-03,3.905520825944473751e-02,3.681866329747182642e-02,5.243151498586230419e-01,1.170386499727817109e-02,5.065351840600706979e-02
0.000000000000000000e+00,2.340000000000000000e+03,1.345368630548333944e-02,1.645273140915903820e-02,7.963300586596037123e-01,6.347413598373616295e-02,7.963300586596037123e-01,3.549799574044601447e-01,2.060954551951595451e-02,7.004422355700197500e-02,7.964827647817042389e-02,4.569738929185933052e-01,2.762656505171475277e-02,9.429151542531923058e-02
0.000000000000000000e+00,2.341000000000000000e+03,8.830275813541120164e-03,1.038014850703899809e-02,8.271843263103924038e-01,4.058429335140426031e-02,8.271843263103924038e-01,2.472487335105073569e-01,5.776604417708057666e-03,5.071131143283876680e-02,4.550965452990798216e-02,2.962362698798719496e-01,1.102340772999455681e-02,4.342509074480846443e-02
0.000000000000000000e+00,2.342000000000000000e+03,8.320739053215467362e-03,1.116505553960131340e-02,7.185955044872746056e-01,6.016113244484602024e-02,7.185955044872746056e-01,3.198505695908355762e-01,1.749194122910424296e-02,5.760632945049441039e-02,7.187615656546320064e-02,3.047747171328707427e-01,2.803483941208492064e-02,8.282313719991898915e-02
0.000000000000000000e+00,2.351000000000000000e+03,2.741518440004631334e-03,3.984904454590958676e-03,6.562484337211572649e-01,1.483322039003087157e-02,6.562484337211572649e-01,3.674233788704079906e-01,1.710346405959548650e-04,1.957428852184311605e-02,1.605472389193052241e-02,1.981720375922315647e-01,7.757212847033206037e-03,1.381034724494087894e-02
0.000000000000000000e+00,2.352000000000000000e+03,6.168456810481990661e-03,7.047602526396554851e-03,8.472641707026404845e-01,6.475416007830735524e-03,8.472641707026404845e-01,3.251476528612534667e-01,2.202279900201119985e-07,1.093672790242370373e-02,8.805850147402274897e-03,5.196094927436959443e-01,1.360914534567229310e-04,4.455453256687074218e-03
0.000000000000000000e+00,2.353000000000000000e+03,1.910205189462901854e-03,3.519161599870435260e-03,5.188946118839624644e-01,2.868759882538965411e-02,5.188946118839624644e-01,3.886548087983731081e-01,1.096542291845139898e-03,1.376048907337452248e-02,1.904105568104955473e-02,5.384694377711148894e-01,2.041371801850843694e-03,1.465418308901040093e-02
0.000000000000000000e+00,2.361000000000000000e+03,4.841394752620317363e-03,6.734578870426170989e-03,6.891813641857089667e-01,5.428808071681349295e-02,6.891813641857089667e-01,3.739670049968199517e-01,3.242811090572862102e-03,5.381106116129422134e-02,4.080043901629720055e-02,4.196985651208690049e-01,1.347305389221556925e-02,2.857877272514838460e-02
0.000000000000000000e+00,2.400000000000000000e+03,1.037771523633103030e-02,1.360106430910043053e-02,7.379768984290709932e-01,8.862284466531135385e-02,7.379768984290709932e-01,3.131645987868192371e-01,5.148472084704217716e-02,6.363878929842792243e-02,9.026634506170476413e-02,3.786325717411550551e-01,5.906369080021774826e-02,9.914422063321441658e-02
0.000000000000000000e+00,2.401000000000000000e+03,1.300172162144721524e-03,1.795239051190919031e-03,6.820002456670755109e-01,2.560048189142383884e-02,6.820002456670755109e-01,3.043215148248926694e-01,1.065933322619224766e-03,2.135817847812435111e-02,1.091159692178107939e-02,1.331046114928021440e-01,2.585737615677735635e-03,1.442050547065268709e-02
0.000000000000000000e+00,2.402000000000000000e+03,1.879177073660438964e-03,4.192597464834079378e-03,4.256027190379561564e-01,1.242376327083803862e-02,4.256027190379561564e-01,3.472996187344240537e-01,5.713108451384850232e-04,1.660046519847782967e-02,2.927626121469683457e-02,1.204518321803600550e-01,2.313554708764289664e-03,3.483354364318985708e-02
0.000000000000000000e+00,2.403000000000000000e+03,1.274707261324029397e-03,1.770575187053545323e-03,6.782263479586960742e-01,2.808523454559144761e-02,6.782263479586960742e-01,8.011752456323338878e-01,5.762269121461189411e-08,1.555762175251569970e-02,3.452148499814949867e-02,1.580818234426748514e-01,5.443658138268916806e-03,1.553436878482445695e-02
0.000000000000000000e+00,2.404000000000000000e+03,1.764207463957607634e-03,3.734084641939764727e-03,4.513182712369387950e-01,2.823582561554099923e-02,4.513182712369387950e-01,3.620089937970709104e-01,3.328549525987572599e-03,1.438143165063678411e-02,2.810214786170986759e-02,2.589233997995625813e-01,1.224823081110506216e-03,2.270567525042451601e-02
0.000000000000000000e+00,2.405000000000000000e+03,2.081978827414380888e-03,3.565922409963232214e-03,5.574688831248226784e-01,2.838641668549055086e-02,5.574688831248226784e-01,3.424600245559416001e-01,5.273455750797443773e-04,2.215545704911884087e-02,4.004747501818599342e-02,1.833615650262730989e-01,2.449646162221012433e-03,3.623820577131788706e-02
0.000000000000000000e+00,2.406000000000000000e+03,5.212144500387274086e-04,6.616958488083185671e-04,7.025324631741568515e-01,5.217980573751976325e-02,7.025324631741568515e-01,3.486455652507475800e-01,1.506285789406156710e-04,4.708129496438202312e-03,1.756065188815294012e-02,4.681894060212740682e-02,1.905280348394120925e-03,1.022469401214085027e-02
0.000000000000000000e+00,2.407000000000000000e+03,2.381423530308766218e-03,3.476410253640475033e-03,6.528574646762538292e-01,1.076726150139296727e-02,6.528574646762538292e-01,4.115725172804276522e-01,2.256497838016528670e-03,2.316688675670073444e-02,3.105019334584019353e-02,4.368810850270673507e-01,2.585737615677735635e-03,1.683257777570064395e-02
0.000000000000000000e+00,2.410000000000000000e+03,8.852522808917953276e-03,1.181214828198684855e-02,7.232028144460629360e-01,6.550711542805510990e-02,7.232028144460629360e-01,4.209393741419260593e-01,1.821021260317076326e-02,5.558290642969965917e-02,8.074581722117998850e-02,3.577161851265993064e-01,4.055525313010342747e-02,8.448484470824051129e-02
0.000000000000000000e+00,2.430000000000000000e+03,1.865807630270949896e-02,2.842741379404267396e-02,6.265974388116851701e-01,4.099088924026805247e-01,6.265974388116851701e-01,3.101373156087630090e-01,1.263897511799457439e-02,9.046547118463199588e-02,2.068353816506502407e-01,2.789995437679977930e-01,6.341861731083288378e-02,1.036983377732080824e-01
0.000000000000000000e+00,2.431000000000000000e+03,2.219340853074087266e-03,4.264806670309760281e-03,4.948515918433336047e-01,2.070627211806339713e-02,4.948515918433336047e-01,3.268585673848466988e-01,2.883017196064039441e-03,1.394282683440779477e-02,1.528899779215641200e-02,3.338784272216605564e-01,7.621121393576483702e-03,1.748427868912048877e-02
0.000000000000000000e+00,2.460000000000000000e+03,1.382072461409973065e-02,1.849229881806194881e-02,7.226699143195399744e-01,2.609743242225736060e-01,7.226699143195399744e-01,2.849756378065834150e-01,2.555629378763420861e-02,7.652728091436968028e-02,1.445818497390150281e-01,4.024812956187153734e-01,2.789874795862819917e-02,1.123028669647354455e-01
0.000000000000000000e+00,2.462000000000000000e+03,2.214789644508712886e-03,3.295746095497341811e-03,6.404716624056607799e-01,1.151268729764324955e-01,6.404716624056607799e-01,3.421324918758870681e-01,2.630401562355725448e-03,2.370853834290411258e-02,1.958982605255433357e-02,3.175668030797561547e-01,2.449646162221012433e-03,2.141006267753008119e-02
0.000000000000000000e+00,2.463000000000000000e+03,2.033305716930724864e-03,2.692724863980322687e-03,7.150915345612125495e-01,1.754385964912280604e-02,7.150915345612125495e-01,3.324865717155984779e-01,5.863811364083674257e-04,1.461850869818463565e-02,1.839018849624156002e-02,6.312204024164086436e-01,1.905280348394120925e-03,2.497234814849433673e-02
0.000000000000000000e+00,2.470000000000000000e+03,1.858839341607140816e-02,2.068421756051392474e-02,8.832282586821469383e-01,8.312627061215270563e-02,8.832282586821469383e-01,4.254172872667369987e-01,2.541191630474399707e-02,8.682038394730254294e-02,7.028089385760047381e-02,2.906575098725760475e-01,1.497005988023952100e-02,5.711859918057048818e-02
0.000000000000000000e+00,2.471000000000000000e+03,5.034451599716321425e-03,5.673020277071076992e-03,8.555103569870848856e-01,6.927189217679391268e-03,8.555103569870848856e-01,4.108511786647901509e-01,5.656361663999993602e-04,5.131600606438704859e-02,6.495909746417040387e-03,1.746555804882580776e-01,6.804572672836146007e-04,7.446526771665809563e-03
0.000000000000000000e+00,2.480000000000000000e+03,1.227423438659329229e-02,1.686954573272442248e-02,7.015611451328289672e-01,5.903169942022438305e-02,7.015611451328289672e-01,3.481960930102099283e-01,1.423535433866801765e-02,5.359984132325963657e-02,7.468381893130160432e-02,2.015281763309206275e-01,1.170386499727817109e-02,6.810144724338303146e-02
0.000000000000000000e+00,2.481000000000000000e+03,2.592360457244176700e-03,4.417971589571913563e-03,5.586602141339407357e-01,1.069196596641819146e-02,5.586602141339407357e-01,3.227893966199605336e-01,1.374674388485987078e-03,2.954685095191341912e-02,3.550416682619293718e-02,3.719202206676437417e-01,6.804572672836146007e-04,1.786075929647458482e-02
0.000000000000000000e+00,2.490000000000000000e+03,2.083974617356848871e-02,2.264724608007652115e-02,9.066457954689182142e-01,9.705594458248625878e-02,9.066457954689182142e-01,3.682869406163133408e-01,9.977970916313408031e-03,4.060856162337546371e-02,9.761731561953622405e-02,2.722523605074300690e-01,1.034295046271094254e-02,4.955523359972582170e-02
0.000000000000000000e+00,2.491000000000000000e+03,2.268346166985817178e-03,2.642257843760048228e-03,8.080855362199178549e-01,2.951584971011219152e-02,8.080855362199178549e-01,4.111345681429140475e-01,4.633777368138873934e-03,6.811439317821543250e-03,4.109396735454394836e-03,1.310321785017087293e-01,8.165487207403374775e-04,3.502567857383953164e-03
0.000000000000000000e+00,2.492000000000000000e+03,3.703779407600304562e-03,4.600490573214784280e-03,7.707390919661872841e-01,1.844740606882011927e-02,7.707390919661872841e-01,2.945421125984315491e-01,5.886087686708991670e-03,1.821612105997344119e-02,1.264724274793573022e-02,6.081665137106392893e-02,3.402286336418073112e-03,1.065050656114823954e-02
0.000000000000000000e+00,2.493000000000000000e+03,4.905808378246029333e-03,6.258776630744035743e-03,7.537730138718411466e-01,7.981326707326255251e-03,7.537730138718411466e-01,3.568829013795303817e-01,2.110293066444548279e-03,2.883016359991275035e-02,3.404928723662212914e-02,3.394664923828624725e-01,5.988023952095808747e-03,3.067667845440430474e-02
0.000000000000000000e+00,2.500000000000000000e+03,1.429222811630175873e-02,1.814210134229157431e-02,7.652695682239528674e-01,2.389127324749642234e-01,7.652695682239528674e-01,3.309199129910799786e-01,2.408765116122993030e-02,7.525042983908525329e-02,9.089168804318695227e-02,3.822039853070229309e-01,3.102885138813282415e-02,7.708505346024624449e-02
0.000000000000000000e+00,2.501000000000000000e+03,2.102493630344165303e-03,2.628077861688774084e-03,7.551893988446678474e-01,4.367141028537007558e-03,7.551893988446678474e-01,3.067990280069218811e-01,1.305284300387343343e-03,2.193423778713638264e-02,6.342764526462217438e-03,2.753887902285578893e-01,2.994011976047904373e-03,1.158262061659734270e-02
0.000000000000000000e+00,2.520000000000000000e+03,1.500223671171500156e-02,1.939932601526938791e-02,7.502562097164863220e-01,3.855131390708530642e-02,7.502562097164863220e-01,2.949807543278185062e-01,1.871329760779258042e-02,1.343883482650348737e-01,6.428270607603660258e-02,4.831755824127066390e-01,2.177463255307566896e-03,5.806109890794659834e-02
1.000000000000000000e+00,1.030000000000000000e+03,3.801731904627196346e-01,4.041702411010758555e-01,9.352568360680615367e-01,7.868383404864091879e-02,9.352568360680615367e-01,4.794939050903931910e-01,4.763720500224537524e-01,6.645067215883064815e-01,4.361958727363222099e-01,8.717135464493463992e-01,1.254763200870985251e-01,3.168590612391145034e-01
1.000000000000000000e+00,1.040000000000000000e+03,2.894352294161264272e-01,3.192686445203795631e-01,8.981809151365490740e-01,5.526692267148557852e-02,8.981809151365490740e-01,3.732979281331311738e-01,3.972948179295597848e-01,4.404256132849810879e-01,6.151971106601835659e-01,9.389457543643791038e-01,1.162221012520413682e-01,3.563609644134951293e-01
1.000000000000000000e+00,1.080000000000000000e+03,2.623477115607816823e-01,3.002871311773571139e-01,8.624586077964095931e-01,1.272494541073714291e-01,8.624586077964095931e-01,3.695660406406627851e-01,1.000000000000000000e+00,1.000000000000000000e+00,8.650918233214646147e-01,8.322599116255841034e-01,5.111594991834512713e-01,1.000000000000000000e+00
1.000000000000000000e+00,1.110000000000000000e+03,1.805056740987229236e-01,2.024152066499044500e-01,8.818712963161430274e-01,1.127174158572396695e-01,8.818712963161430274e-01,3.235420389406704067e-01,4.740621899557498908e-01,6.287859774698622006e-01,5.854997000906109195e-01,8.040340698540393571e-01,2.248230811105062510e-01,6.139775565629657095e-01
1.000000000000000000e+00,1.160000000000000000e+03,1.205639658017143012e-01,1.506946661035630242e-01,7.823231875260279189e-01,2.882313078834425335e-01,7.823231875260279189e-01,3.455496011272665702e-01,3.275208998949630801e-01,4.010280046272851617e-01,6.797605829728039506e-01,5.528620904266471348e-01,2.199237887860642227e-01,5.729074169276067163e-01
1.000000000000000000e+00,2.010000000000000000e+03,2.545734623476855751e-01,2.781197696120584761e-01,9.076358295884429106e-01,2.094721782998268111e-01,9.076358295884429106e-01,3.646426330600234800e-01,4.565316504142605813e-01,3.315560988638595608e-01,7.638373087280013740e-01,9.241629360186011111e-01,4.069134458356015172e-01,4.316544894663322252e-01
1.000000000000000000e+00,2.030000000000000000e+03,2.128584570831193457e-01,2.393316372219465304e-01,8.794060125053586585e-01,4.721782998268202469e-01,8.794060125053586585e-01,4.468290235571590330e-01,3.299137506234525175e-01,2.439452764941641982e-01,6.151843485585206661e-01,8.618451977478301940e-01,4.983669025585193424e-01,3.107704610719052019e-01
1.000000000000000000e+00,2.050000000000000000e+03,1.855971566667805051e-01,2.108311167318449031e-01,8.694896167777854679e-01,7.309690535351253127e-01,8.694896167777854679e-01,3.674275553852202059e-01,2.371170542004776283e-01,2.918910143708164928e-01,8.555202470742881982e-01,9.577617824015959291e-01,5.069406641262929059e-01,5.619115867748853965e-01
1.000000000000000000e+00,2.070000000000000000e+03,1.911031465439974042e-01,2.171246749532250997e-01,8.693367634689234125e-01,5.617799864468037141e-01,8.693367634689234125e-01,3.400492626336467650e-01,2.954839646039104650e-01,2.792185892106534006e-01,9.564684712278418433e-01,7.064269893964415514e-01,5.258573761567773008e-01,5.673017505050033105e-01
1.000000000000000000e+00,2.080000000000000000e+03,1.116874140929633580e-01,1.390582894218851950e-01,7.856473282356322141e-01,4.810631729538438206e-01,7.856473282356322141e-01,3.707132944969764865e-01,3.141263352983725277e-01,3.964328533046641012e-01,8.535931697231899928e-01,7.955968206003296572e-01,8.498911268372346672e-01,7.015573315054550729e-01
1.000000000000000000e+00,2.090000000000000000e+03,1.288126473025512642e-01,1.631399336139845724e-01,7.710250045946175357e-01,4.646487463293426656e-01,7.710250045946175357e-01,3.773858671857418523e-01,3.170021951515791803e-01,4.126970910364998746e-01,1.000000000000000000e+00,7.066260594382739457e-01,1.000000000000000000e+00,9.722520810290123938e-01
1.000000000000000000e+00,2.100000000000000000e+03,9.525235545572673101e-02,1.128221439588222158e-01,8.299543442357786294e-01,3.462088698140200482e-01,8.299543442357786294e-01,3.545337380054785492e-01,2.322926034522025118e-01,2.203880756144973863e-01,5.365442781117194526e-01,7.613432772156186745e-01,5.589275993467610615e-01,4.372289988731545840e-01
1.000000000000000000e+00,2.110000000000000000e+03,1.231422890727111863e-01,1.538462809958577870e-01,7.827352836970702388e-01,1.000000000000000000e+00,7.827352836970702388e-01,3.580140330506462187e-01,2.776893725781611755e-01,4.054315862053036734e-01,9.438084663782431161e-01,8.672274002533865156e-01,9.122210125204137654e-01,8.063383755770539008e-01
1.000000000000000000e+00,2.120000000000000000e+03,8.396560167561485655e-02,1.056382708265578702e-01,7.764395119134159806e-01,9.926210375724719981e-01,7.764395119134159806e-01,3.585489300607192509e-01,2.472065005554877348e-01,2.304975185072356547e-01,7.593578110443227613e-01,6.616611788398327754e-01,6.954273271638541365e-01,5.934840294329942756e-01
1.000000000000000000e+00,2.130000000000000000e+03,7.587180334158646899e-02,9.439897300014692128e-02,7.859570754048897934e-01,2.866501016489721998e-01,7.859570754048897934e-01,3.617690792852444881e-01,2.199265556846999037e-01,2.780788897645214974e-01,6.309710683155301814e-01,7.610667091619300884e-01,4.829885683179096501e-01,5.093029656286187645e-01
1.000000000000000000e+00,2.150000000000000000e+03,1.096876496218463365e-01,1.357239814777221054e-01,7.910412086903482187e-01,5.405466455839168516e-01,7.910412086903482187e-01,3.647320713065925757e-01,2.482816909172291808e-01,3.591413556135302221e-01,8.228109805122707510e-01,1.000000000000000000e+00,6.497005988023951684e-01,6.793943076132168413e-01
2.000000000000000000e+00,1.010000000000000000e+03,2.024327313702699860e-01,2.368980276246502592e-01,8.415861481993297533e-01,8.613809201114373815e-02,8.415861481993297533e-01,3.823687672749419009e-01,3.082045885492344373e-01,3.159836673337698687e-01,4.024784001429355662e-01,8.488481826880153180e-01,6.586826347305389795e-02,2.302918893095086128e-01
2.000000000000000000e+00,1.020000000000000000e+03,1.567294311027361553e-01,1.819724689011206209e-01,8.487669971100380018e-01,3.207589789925457263e-02,8.487669971100380018e-01,2.503076983941330824e-01,2.403675923917687474e-01,3.141759812655390838e-01,3.728575621833403742e-01,8.140164398014644309e-01,8.260751224823080496e-02,2.304580600603407525e-01
2.000000000000000000e+00,1.031000000000000000e+03,3.736356263320788490e-02,4.347874816656258079e-02,8.445662211515287954e-01,9.298998569384835100e-02,8.445662211515287954e-01,3.322687991469527313e-01,6.458490361021604342e-02,1.962581450313915510e-01,2.296284952205929208e-01,9.510716648936204942e-01,4.109961894393032028e-02,2.402465558515471944e-01
2.000000000000000000e+00,1.032000000000000000e+03,3.209127234632019876e-02,3.882221836819790134e-02,8.091525861942707731e-01,8.764400271063925441e-02,8.091525861942707731e-01,3.046531767269993196e-01,4.852574997993149702e-02,2.017902699615615747e-01,1.917122911801115437e-01,9.539491954676672103e-01,1.031573217201959686e-01,2.370477688980282827e-01
2.000000000000000000e+00,1.070000000000000000e+03,8.818815344227677600e-02,1.031452503215492672e-01,8.414506598614308608e-01,8.214742865748060618e-02,8.414506598614308608e-01,3.159156842365514750e-01,4.615473534838350766e-01,3.518613366535627840e-01,2.854882141991142985e-01,5.855294997012640001e-01,1.401741970604246101e-01,2.903184766296417196e-01
2.000000000000000000e+00,1.073000000000000000e+03,2.402154263718798630e-02,2.971811321820083673e-02,7.888208563312523180e-01,1.792033732399668858e-02,7.888208563312523180e-01,3.225148466885698895e-01,4.823332712372400272e-02,1.389040254186376944e-01,1.087075819645979269e-01,6.066685768157324965e-01,6.450734893848666940e-02,1.486682972171592121e-01
2.000000000000000000e+00,1.081000000000000000e+03,9.269836852879932698e-02,1.019770629839104881e-01,8.998398562110460075e-01,4.043370228145470868e-02,8.998398562110460075e-01,3.315705074232410676e-01,1.037580608152119666e-01,3.360685185096362604e-01,2.329721658562732001e-01,7.998891490527142434e-01,7.961350027218290493e-02,3.022749814356114340e-01
2.000000000000000000e+00,1.082000000000000000e+03,9.513159625156239474e-02,1.044068877813300461e-01,9.021988432897387611e-01,2.213688728258414104e-02,9.021988432897387611e-01,3.488881984666334923e-01,9.124555583977136952e-02,2.203537026690229328e-01,1.900532179639342900e-01,6.639662120814944224e-01,1.009798584648884112e-01,2.235100455411714038e-01
2.000000000000000000e+00,1.090000000000000000e+03,1.591001535960793467e-01,1.871227567636776778e-01,8.368258667996665290e-01,8.643927415104284140e-02,8.368258667996665290e-01,3.077035654802948161e-01,2.821098463497177522e-01,6.512055226050784684e-01,4.379825669691284618e-01,6.103266816551544682e-01,1.152694610778443179e-01,3.539592777803741708e-01
2.000000000000000000e+00,1.091000000000000000e+03,4.758261242710599970e-02,5.716175641868623952e-02,8.162298664659726199e-01,5.752578872072885985e-02,8.162298664659726199e-01,3.230396927333804014e-01,1.935012532115160389e-01,3.355380098809330192e-01,2.583942723687737142e-01,7.782091029118973768e-01,5.266739248775176990e-02,2.651046616088444385e-01
2.000000000000000000e+00,1.100000000000000000e+03,3.863495207677797305e-02,5.018938420171210196e-02,7.486256773213103566e-01,6.641066184775243353e-02,7.486256773213103566e-01,3.583362324025330947e-01,8.695819524329306827e-02,1.744034073312126509e-01,1.079163316614980134e-01,4.990987512055674036e-01,4.314099074578116311e-02,1.151745052525535717e-01
2.000000000000000000e+00,1.101000000000000000e+03,2.149942524479567935e-02,2.714191571396828290e-02,7.712715800853900960e-01,3.930426925683307149e-02,7.712715800853900960e-01,3.298460350833273269e-01,1.364964129787336021e-02,1.387093348135478021e-01,1.487550569827839342e-01,5.816367023420160320e-01,1.782798040283070304e-02,1.047369049659090251e-01
2.000000000000000000e+00,1.104000000000000000e+03,9.415600852596163473e-02,9.717155331070422009e-02,9.645665706931991767e-01,3.448535501844740558e-02,9.645665706931991767e-01,3.065869397384609618e-01,9.713472189477158694e-03,9.180670647575735199e-02,3.822249448039102826e-02,4.859086898988218550e-01,1.034295046271094254e-02,5.414050775550051375e-02
2.000000000000000000e+00,1.111000000000000000e+03,3.665950929926317658e-02,4.326606828714602698e-02,8.316197705432823994e-01,1.844740606882011927e-02,8.316197705432823994e-01,3.191955868605422797e-01,1.205062162981466872e-01,1.797371952627531133e-01,2.058016514159551891e-01,8.962231642091891270e-01,6.083287969515514121e-02,3.063020257253093459e-01
2.000000000000000000e+00,1.112000000000000000e+03,1.789381496255033899e-02,2.113292434794655783e-02,8.283183373728945087e-01,2.755816580076801345e-02,8.283183373728945087e-01,3.321688122855776526e-01,1.728449049755330716e-02,1.089800021804138846e-01,7.463277052465000505e-02,4.776820833580244785e-01,5.089820359281437001e-02,1.037866159845876601e-01
2.000000000000000000e+00,1.130000000000000000e+03,9.045419241710633829e-02,1.026270217089768344e-01,8.699839869978620577e-01,1.483322039003087123e-01,8.699839869978620577e-01,3.945800369480648162e-01,1.060612809376304533e-01,1.996467519209848829e-01,3.082940898707199340e-01,6.116750669439683374e-01,8.492106695699509766e-02,1.720853909945838645e-01
2.000000000000000000e+00,1.140000000000000000e+03,5.790564750782645209e-01,6.100059844425547162e-01,9.447772389036581675e-01,7.107898501618853393e-02,9.447772389036581675e-01,3.489876241391333678e-01,3.552336075641275848e-01,2.225210009488209906e-01,2.968337225774340671e-01,7.297057649286263770e-01,3.375068045726728472e-02,1.908834571824710724e-01
2.000000000000000000e+00,1.150000000000000000e+03,9.203867073851837444e-02,1.053848250760623800e-01,8.613358098153032216e-01,1.480310217604096090e-01,8.613358098153032216e-01,3.373064918520913835e-01,1.960580092803546892e-01,1.923612617651462020e-01,2.840588588128692971e-01,5.962092463689705468e-01,3.142351660315731987e-01,2.667507906092754233e-01
2.000000000000000000e+00,1.162000000000000000e+03,1.062245747391967789e-02,1.269300930749841724e-02,8.146619264985662801e-01,2.590166403132294209e-02,8.146619264985662801e-01,3.517688087265963270e-01,3.168861875034950128e-03,5.369954626697955036e-02,7.430095588141455432e-02,6.265327420435229389e-01,2.259118127381600297e-02,8.916618632934003585e-02
2.000000000000000000e+00,1.163000000000000000e+03,9.620794385795633508e-03,1.271143827196736208e-02,7.312559707764442196e-01,4.939387094345305124e-02,7.312559707764442196e-01,3.396798651777606648e-01,2.946725699783352657e-03,5.392098689332640998e-02,8.368110060364740421e-02,6.339971094464796897e-01,8.982035928143712253e-03,1.074293904129862420e-01
2.000000000000000000e+00,1.170000000000000000e+03,2.279277803106337930e-01,2.391128114325854204e-01,9.486263558151081243e-01,1.459227467811158863e-01,9.486263558151081243e-01,3.313971747009992197e-01,2.178440272775990227e-01,2.477331176655306333e-01,4.598823334226680437e-01,4.430993209767195573e-01,5.089820359281437001e-02,1.904888016492446989e-01
2.000000000000000000e+00,1.190000000000000000e+03,1.369981959306112718e-01,1.650649755346025316e-01,8.147746242840205877e-01,6.083879225961900256e-02,8.147746242840205877e-01,3.786761854736115374e-01,1.645045049484474553e-01,4.807284354812771943e-01,2.281863777326850196e-01,6.296800084225039340e-01,2.271366358192705437e-01,2.270022277266283417e-01
2.000000000000000000e+00,1.200000000000000000e+03,7.453261744841613301e-02,8.730415670351311663e-02,8.398619194272736177e-01,1.234093818236578627e-01,8.398619194272736177e-01,2.034164997681624232e-01,1.721927301364452045e-01,1.350904498840945489e-01,1.786183748739742505e-01,3.095500937368448335e-01,4.150789330430049162e-02,1.713557975417114576e-01
2.000000000000000000e+00,1.210000000000000000e+03,2.845044857397545021e-02,3.334372146466638154e-02,8.372051378090535900e-01,3.990663353663127799e-02,8.372051378090535900e-01,3.067489573655557411e-01,4.282944390180003225e-02,1.622059049892840832e-01,9.861275954924256237e-02,6.380986636631318376e-01,2.708219923788785996e-02,1.273387234970634607e-01
2.000000000000000000e+00,2.000000000000000000e+03,1.233244009880288122e-01,1.676326452756962682e-01,7.126460047916240992e-01,2.487764475566598965e-01,7.126460047916240992e-01,3.534938041782069162e-01,3.324611479852039864e-01,2.567576209437852919e-01,4.338731702336740548e-01,6.526679978722113029e-01,2.784431137724550642e-01,2.997382810674393827e-01
2.000000000000000000e+00,2.020000000000000000e+03,6.776931386507119293e-02,8.157114858648739641e-02,8.150298858710018912e-01,2.346208869814020159e-01,8.150298858710018912e-01,3.428405916485005034e-01,2.889018353151240337e-01,1.932494004001173160e-01,3.781155480684559311e-01,7.440936128305161157e-01,2.724550898203592642e-01,2.560691270323461888e-01
2.000000000000000000e+00,2.021000000000000000e+03,7.173504322495793950e-02,7.694502489133982215e-02,9.244842548350777900e-01,1.280024094571191873e-01,9.244842548350777900e-01,3.226167127114462074e-01,1.183417121761735913e-01,1.137195361391031279e-01,2.131781461771124486e-01,9.216267047190097594e-01,1.177191072400653182e-01,2.015028067278382684e-01
2.000000000000000000e+00,2.031000000000000000e+03,2.810886590766801044e-02,3.433414500493175980e-02,8.003237821853265155e-01,4.797831488592726457e-01,8.003237821853265155e-01,3.379207968813076057e-01,8.455317747690428709e-02,1.374063803873835088e-01,2.119657465191367718e-01,8.164642603892738881e-01,1.686173108328797021e-01,2.171695928297321110e-01
2.000000000000000000e+00,2.051000000000000000e+03,5.296466119998717581e-02,6.419010177903750058e-02,8.085646711325354952e-01,2.316090655824109557e-01,8.085646711325354952e-01,3.513026168881127620e-01,1.363658932110736743e-01,1.555881268838498199e-01,3.291090776829128095e-01,6.348810364608304946e-01,2.597985846488840567e-01,2.934445638796716049e-01
2.000000000000000000e+00,2.052000000000000000e+03,4.175303537363115464e-02,5.450911718211545742e-02,7.446436452228363256e-01,1.168586702808523392e-01,7.446436452228363256e-01,3.620662918214854753e-01,1.002883064195940060e-01,1.090895744984628074e-01,3.859004300828260403e-01,8.421577121829136869e-01,1.545998911268372245e-01,2.920814444392516029e-01
2.000000000000000000e+00,2.060000000000000000e+03,5.432134953502559815e-02,6.737002037045350389e-02,7.883599226933415416e-01,2.091709961599277079e-01,7.883599226933415416e-01,3.532735997365876179e-01,1.804890219149192510e-01,2.102963653535938893e-01,4.298020598032084028e-01,6.784735699066508641e-01,2.784431137724550642e-01,3.373396062791772509e-01
2.000000000000000000e+00,2.061000000000000000e+03,5.630156564632218114e-02,6.445291480897817615e-02,8.607445825409143492e-01,2.270160379489496172e-01,8.607445825409143492e-01,3.569082368992720911e-01,1.093245234451402231e-01,1.254131525051316587e-01,3.351966001761170211e-01,7.299588376805601353e-01,2.045454545454545581e-01,2.700664163719732058e-01
2.000000000000000000e+00,2.062000000000000000e+03,1.418175457634603294e-02,1.753462271325259211e-02,7.872582425418684915e-01,1.475039530155861645e-01,7.872582425418684915e-01,3.791635294711212523e-01,2.312858024662188539e-02,5.444240450070259724e-02,1.471725563765841072e-01,6.830657280753840155e-01,1.275176918889493749e-01,1.095402782321509283e-01
2.000000000000000000e+00,2.071000000000000000e+03,2.821738910327080060e-02,3.914452131604959084e-02,6.957859415971416883e-01,4.251185904675852667e-01,6.957859415971416883e-01,3.676903930210025373e-01,6.179428675988798275e-02,1.205919163851955356e-01,2.173641155225442545e-01,4.051524716213644739e-01,2.005988023952095800e-01,1.938719342794680556e-01
2.000000000000000000e+00,2.081000000000000000e+03,1.625241128746056710e-02,2.224500089992948945e-02,7.053695954670460289e-01,1.013477900760484940e-01,7.053695954670460289e-01,3.466537707153214409e-01,3.324074990897096793e-02,5.628305353846528580e-02,1.769593016577969968e-01,5.537344159375872099e-01,8.383233532934131205e-02,1.361301947832769810e-01
2.000000000000000000e+00,2.092000000000000000e+03,3.099262338335857098e-02,3.884110769250456036e-02,7.784031058411070569e-01,1.055643400346359395e-01,7.784031058411070569e-01,3.610211446417718739e-01,5.865938170973326177e-02,9.445404013250442710e-02,1.703612950980767649e-01,8.489563974314938699e-01,2.200598802395209719e-01,1.839432319172469577e-01
2.000000000000000000e+00,2.101000000000000000e+03,1.853785699096872214e-02,2.336489412211205374e-02,7.721732606225415463e-01,1.158798283261802536e-01,7.721732606225415463e-01,3.551106880551467837e-01,4.829991535687317566e-02,6.915716727143324249e-02,1.849739015020993582e-01,5.704300314751888923e-01,1.690255851932498665e-01,1.354447404360943630e-01
2.000000000000000000e+00,2.102000000000000000e+03,2.008961090909978583e-02,2.604885708213356202e-02,7.489127217301424499e-01,2.294254950681424710e-01,7.489127217301424499e-01,3.987491627543236494e-01,4.430941488721359955e-02,4.950754860522946915e-02,2.045892517579795122e-01,6.235422961427294908e-01,2.162493195427327153e-01,1.656306958919474825e-01
2.000000000000000000e+00,2.103000000000000000e+03,1.324280514661299417e-02,1.855805376356054262e-02,6.869955348318563804e-01,3.929673970333559252e-01,6.869955348318563804e-01,3.475391878360470366e-01,2.794895183901324742e-02,8.920282343239308021e-02,1.439947930625215256e-01,4.506723603114126120e-01,1.607240065323897737e-01,1.344710836929372266e-01
2.000000000000000000e+00,2.104000000000000000e+03,1.286148233918095636e-02,1.827245057890393432e-02,6.767105681114425897e-01,1.782245312852947794e-01,6.767105681114425897e-01,3.630060639031083558e-01,2.653222384414493165e-02,1.052114847725025282e-01,1.738963972587005691e-01,4.925355826165056516e-01,1.982852476864452873e-01,1.228573060605588491e-01
2.000000000000000000e+00,2.111000000000000000e+03,3.159510682958818067e-02,3.852868013985406154e-02,8.020804255263538352e-01,1.273247496423462188e-01,8.020804255263538352e-01,3.371101520663796203e-01,1.161490817676266024e-01,1.715693612951099400e-01,2.564161466110239096e-01,6.435761065794971536e-01,1.200326619488296109e-01,2.518862976637430973e-01
2.000000000000000000e+00,2.112000000000000000e+03,3.866445382257385072e-02,4.743184105061248879e-02,7.973053491489320299e-01,3.653339356976131325e-01,7.973053491489320299e-01,3.624708397431356532e-01,7.529082372970460901e-02,1.270391095541660020e-01,3.078346542108554296e-01,7.601720420178371684e-01,3.022591181273815986e-01,2.592081963722848159e-01
2.000000000000000000e+00,2.121000000000000000e+03,9.912938254226065157e-03,1.291243444095484423e-02,7.426383776869019959e-01,1.171598524207514563e-01,7.426383776869019959e-01,3.489662691936794570e-01,2.530193847962979720e-02,3.523373743529481517e-02,1.328279541074824099e-01,5.345222695117932687e-01,6.477953184540011233e-02,8.947516006916857167e-02
2.000000000000000000e+00,2.122000000000000000e+03,1.309832122874280899e-02,1.736410856530908389e-02,7.298136302485561666e-01,1.459227467811158863e-01,7.298136302485561666e-01,3.630982813719286773e-01,3.052302829693573707e-02,4.434423221697581657e-02,1.930905981597049459e-01,5.842577352973352678e-01,1.306477953184539964e-01,1.335052162037253520e-01
2.000000000000000000e+00,2.123000000000000000e+03,2.337961922292161945e-02,3.070434964821698587e-02,7.388586822763129058e-01,3.488442135381372156e-01,7.388586822763129058e-01,3.605416487909231527e-01,5.735678003316779100e-02,6.127128242387451518e-02,2.231708717791645868e-01,5.676735222194140285e-01,1.584104518236254810e-01,1.714492685890545431e-01
2.000000000000000000e+00,2.131000000000000000e+03,3.932787131931465147e-02,5.147361987245308024e-02,7.424818712303584700e-01,1.199457872148181614e-01,7.424818712303584700e-01,3.322145463747624983e-01,1.144635514719557767e-01,1.539801541056089462e-01,3.517235218295748922e-01,7.014042630056619432e-01,3.670386499727816831e-01,3.113987942234892614e-01
2.000000000000000000e+00,2.140000000000000000e+03,4.544596620664504566e-02,5.781666893383714118e-02,7.663056255221992741e-01,3.150365183344627784e-01,7.663056255221992741e-01,3.522051938080543176e-01,1.111932724712765275e-01,1.723336484078232533e-01,3.608994729252013034e-01,5.478155781136275770e-01,3.462166575939030766e-01,2.814543056399391174e-01
2.000000000000000000e+00,2.141000000000000000e+03,2.771173872606484678e-02,3.578255067928717142e-02,7.530737143112334886e-01,1.840222874783525309e-01,7.530737143112334886e-01,3.461725747193117875e-01,7.784533303807721072e-02,9.722572093022016637e-02,2.640223592021134214e-01,5.797507978823598362e-01,3.440391943385955331e-01,2.015858921032543383e-01
2.000000000000000000e+00,2.142000000000000000e+03,1.418195909290415405e-02,1.919138767870870455e-02,7.138938715380337419e-01,7.966267600331300436e-02,7.138938715380337419e-01,3.443773720252560899e-01,3.699625684920680724e-02,7.739291870648468130e-02,1.767040596245389728e-01,4.769736965707521148e-01,1.420794774088187384e-01,1.313709606227248805e-01
2.000000000000000000e+00,2.151000000000000000e+03,2.420161067864996449e-02,3.638952868657351764e-02,6.359714646970003882e-01,7.514494390482644171e-02,6.359714646970003882e-01,3.520425477454638408e-01,1.177998778328988028e-01,1.056030313692229855e-01,2.099748586597240951e-01,7.516711636292828791e-01,1.264289602612956032e-01,1.927035461876794864e-01
2.000000000000000000e+00,2.152000000000000000e+03,9.739973539601928104e-03,1.285696144572460314e-02,7.320403033639319990e-01,8.643927415104284140e-02,7.320403033639319990e-01,3.445792566975330318e-01,4.658359818787745354e-02,5.548158135000125224e-02,1.233584746736092475e-01,5.539644049058055630e-01,1.224823081110506251e-01,9.374886406713298093e-02
2.000000000000000000e+00,2.160000000000000000e+03,2.626099850425109850e-01,3.010372371065453412e-01,8.610431967929622621e-01,1.086514569686017617e-01,8.610431967929622621e-01,4.397649436836749692e-01,3.848160397656936182e-01,5.254625294516872547e-01,3.379787383386296251e-01,5.056181678586235684e-01,1.807294501905280237e-01,3.181546738120089590e-01
2.000000000000000000e+00,2.170000000000000000e+03,1.053497802327719030e-01,1.129172919663908037e-01,9.259091247511839207e-01,1.596265341465251120e-01,9.259091247511839207e-01,3.059023767269019589e-01,1.417831734748409012e-01,2.260019740651535436e-01,2.043722960297101598e-01,4.182281215099115657e-01,8.519324986390854060e-02,1.835304014581483345e-01
2.000000000000000000e+00,2.180000000000000000e+03,8.133156517773776351e-02,9.455368843173028726e-02,8.469361585791757019e-01,5.936299977411338968e-01,8.469361585791757019e-01,3.821927353323319454e-01,1.560244062757950023e-01,1.954491770564706077e-01,4.064091274551093202e-01,5.891254605338113182e-01,2.370713119216113218e-01,2.360351658851448653e-01
2.000000000000000000e+00,2.181000000000000000e+03,4.054327787542126582e-02,5.041172453659367031e-02,7.856860079287745213e-01,9.012875536480686733e-01,7.856860079287745213e-01,2.961164626609610884e-01,8.485777087216132830e-02,1.925858345513611625e-01,2.965912426458389151e-01,7.157929456474676488e-01,1.298312465977136676e-01,2.946129519714601463e-01
2.000000000000000000e+00,2.182000000000000000e+03,6.708944749828689436e-02,1.011159716973556721e-01,6.344092005797806744e-01,4.258715458173330526e-01,6.344092005797806744e-01,3.364475598166803971e-01,8.243256550661154369e-02,1.955928165407733454e-01,3.889122860752708966e-01,7.556303395718878546e-01,2.433315187806205648e-01,3.807595041880221798e-01
2.000000000000000000e+00,2.183000000000000000e+03,2.362592718072374989e-02,2.509356544180350521e-02,9.299841913426128981e-01,2.213688728258414104e-02,9.299841913426128981e-01,3.417337117618409748e-01,1.229392823196383683e-01,2.743962450855357352e-02,6.806028816825554495e-02,4.237848653116049746e-01,2.123026673924877442e-02,5.186344918550368083e-02
2.000000000000000000e+00,2.190000000000000000e+03,4.340760970102687244e-01,5.657527600741868445e-01,7.471341415795407226e-01,1.493110458549808117e-01,7.471341415795407226e-01,2.928491305394878563e-01,3.649771959117784070e-01,4.327832077237049879e-01,2.541444925150273537e-01,6.132146787268382138e-01,1.656232988568318021e-01,2.109485753454534152e-01
2.000000000000000000e+00,2.200000000000000000e+03,5.748410764044680626e-02,6.723234967834716691e-02,8.408559518854981096e-01,2.434304645734507999e-01,8.408559518854981096e-01,3.686903842661876651e-01,6.054896438968106892e-02,1.847487614755481955e-01,3.597636458772030532e-01,5.672589287294974580e-01,1.646706586826347241e-01,3.022074745680858876e-01
2.000000000000000000e+00,2.210000000000000000e+03,6.002855914965338213e-02,6.616276861864796299e-02,8.971854785057561399e-01,8.794518485053835766e-02,8.971854785057561399e-01,5.364206609058943531e-01,3.051092502430971520e-01,7.502885888943325310e-02,1.422719093380298006e-01,3.111791024328292021e-01,4.940119760479041999e-02,1.200973137459560858e-01
2.000000000000000000e+00,2.230000000000000000e+03,6.870069583017769654e-02,7.735892215054307464e-02,8.767782115946224364e-01,2.999774113395075603e-01,8.767782115946224364e-01,3.743717517672670581e-01,1.667327094317113956e-01,1.721035229741540162e-01,2.208098829715277600e-01,5.841086315136631013e-01,1.066956995100707684e-01,1.383215715598759832e-01
2.000000000000000000e+00,2.240000000000000000e+03,2.876694512248324093e-02,3.470780795727057555e-02,8.112123161401244564e-01,1.443415405466455803e-01,8.112123161401244564e-01,4.727703001819063000e-01,1.122330805752066452e-01,1.005681260435830338e-01,2.306622254552879725e-01,4.879160854960182814e-01,1.183995645073489394e-01,1.427951997424353470e-01
2.000000000000000000e+00,2.250000000000000000e+03,4.769798452896524543e-02,5.683609928028122982e-02,8.235395825029570016e-01,2.801746856411415076e-01,8.235395825029570016e-01,3.054570663600893465e-01,1.645971103842562011e-01,1.578703048649011675e-01,2.301006929821202973e-01,4.320429349881689252e-01,1.262928688078388539e-01,1.707560249879266634e-01
2.000000000000000000e+00,2.260000000000000000e+03,7.631395094693237124e-02,9.191066160837245425e-02,8.146397911237045486e-01,1.284541826669678422e-01,8.146397911237045486e-01,3.402981838970093320e-01,1.519003188045164598e-01,3.180922061288356528e-01,2.592876194851768124e-01,7.656815537167083185e-01,1.477953184540010956e-01,2.701832551811521044e-01
2.000000000000000000e+00,2.270000000000000000e+03,5.025063643528462909e-02,5.602846081543064183e-02,8.855763294718894674e-01,5.353512536706573482e-02,8.855763294718894674e-01,3.520914230991592508e-01,2.139616543192980891e-01,1.256371345001174311e-01,1.505545133172530858e-01,4.407727027309057410e-01,3.524768644529123474e-02,1.018704595140544067e-01
2.000000000000000000e+00,2.280000000000000000e+03,4.725217413715993020e-02,6.014681309136410414e-02,7.659035835302347994e-01,1.486333860402078155e-01,7.659035835302347994e-01,3.195636893864150507e-01,9.352779406090912240e-02,1.876668468901410425e-01,3.792896614214428808e-01,4.867953606965853552e-01,1.426238432226456243e-01,2.575984172235983305e-01
2.000000000000000000e+00,2.290000000000000000e+03,1.000000000000000000e+00,1.000000000000000000e+00,1.000000000000000000e+00,1.344025299299751453e-01,1.000000000000000000e+00,3.070669885112061737e-01,1.342152178525370110e-01,2.283561920626953901e-01,1.346274104419515893e-01,3.862974854677092562e-01,1.570495372890582386e-01,1.246799914837490170e-01
2.000000000000000000e+00,2.300000000000000000e+03,3.511492601826900206e-02,4.245938455066208123e-02,8.098065367294154937e-01,1.383931932836382772e-01,8.098065367294154937e-01,3.434188238634346968e-01,1.618543415448267242e-01,1.852978307853537510e-01,2.001863266842783540e-01,5.909728904845450437e-01,9.131736526946107602e-02,2.048495895063170980e-01
2.000000000000000000e+00,2.310000000000000000e+03,4.596084190303379585e-02,5.596510993779288401e-02,8.041568994848484753e-01,1.812363526842858119e-01,8.041568994848484753e-01,3.195571316813479723e-01,1.068461107185756792e-01,1.896990469581255612e-01,2.120295570274512709e-01,5.538396505047142870e-01,1.688894937397931451e-01,2.221936616244229445e-01
2.000000000000000000e+00,2.320000000000000000e+03,3.374648038974821518e-02,4.958329518851686130e-02,6.527295341413282825e-01,8.425570363677434282e-02,6.527295341413282825e-01,3.411357700930680026e-01,5.568950305660234912e-02,1.385301105351396944e-01,3.175721377796495437e-01,5.443266018710549714e-01,5.470876428960261273e-02,2.333816267077939155e-01
2.000000000000000000e+00,2.330000000000000000e+03,5.891559602187214362e-02,7.594198076033478739e-02,7.555797847093909114e-01,1.722761840222874763e-01,7.555797847093909114e-01,3.635406861556809144e-01,9.710331134185096191e-02,2.777268504881804101e-01,4.296872008882422489e-01,8.297559102827500865e-01,1.597713663581926957e-01,4.673162904457011102e-01
2.000000000000000000e+00,2.350000000000000000e+03,3.335760079261981814e-02,3.796693432524596290e-02,8.647892053680567015e-01,2.121075220239439785e-01,8.647892053680567015e-01,3.345200301996915648e-01,3.237284596669526976e-02,6.635528543432350768e-02,1.128807892083668329e-01,3.366549348505971095e-01,3.633641807294502035e-02,7.307358767843882830e-02
2.000000000000000000e+00,2.360000000000000000e+03,3.024422658522824339e-02,3.756317011017321073e-02,7.860681383233308894e-01,1.143739176266847374e-01,7.860681383233308894e-01,3.329746336909866766e-01,4.003771809053491976e-02,8.251424016495216562e-02,2.862156539938996991e-01,5.237902048499083474e-01,3.157321720195971348e-02,1.467521407466259586e-01
2.000000000000000000e+00,2.370000000000000000e+03,5.883337558768542835e-02,7.412066852847870591e-02,7.749276411960102084e-01,6.482945561328212758e-02,7.749276411960102084e-01,2.726976289051724067e-01,6.409555925772429663e-02,1.722747380215201851e-01,1.400895899536735711e-01,6.414390123917301789e-01,5.185084376701143416e-02,1.576233428362231459e-01
2.000000000000000000e+00,2.380000000000000000e+03,5.849624432987250711e-02,6.142451931469474630e-02,9.455375743714886649e-01,4.058429335140426031e-02,9.455375743714886649e-01,2.848364367845765410e-01,1.151278381073841950e-02,1.224151403188825510e-01,6.035197876386283466e-02,5.038665401962713064e-01,1.986935220468154586e-02,5.945277894616587261e-02
2.000000000000000000e+00,2.390000000000000000e+03,1.780750501437466243e-02,2.152500605563599859e-02,8.078093042286110803e-01,5.338453429711618320e-02,8.078093042286110803e-01,3.264046010600678560e-01,3.860082273304982908e-02,9.082140264337239255e-02,1.261406128361218515e-01,5.556841823599060204e-01,9.934676102340772585e-02,1.150498771894294670e-01
2.000000000000000000e+00,2.461000000000000000e+03,6.819498573869680301e-03,9.098399188953727734e-03,7.219683748295834258e-01,3.343121752880054420e-02,7.219683748295834258e-01,3.194938551720580833e-01,1.302035178530339381e-03,5.146218903820979490e-02,4.633919113799660205e-02,6.948136051848837758e-01,4.627109417528579328e-03,5.347322833419015237e-02
2.000000000000000000e+00,2.510000000000000000e+03,2.647968282125342382e-02,2.968946919441899090e-02,8.780260604307266181e-01,2.514870868157518397e-02,8.780260604307266181e-01,3.924154840754366380e-01,4.668889603391836347e-03,8.240877865211017339e-02,9.759179141621042441e-02,4.806056092043563543e-01,1.619488296135002808e-02,4.641616425978719457e-02
